Circumstellar Disks http://www.circumstellardisks.org/,,,,,,,,,,,,,,,,,,,,,,,
Downloaded on Mar. 19 2020,,,,,,,,,,,,,,,,,,,,,,,
Database maintained by Karl Stapelfeldt. Last updated Mar. 13 2020,,,,,,,,,,,,,,,,,,,,,,,
Object,Category,Spec Type,R band (mag),Distance (pc),Disk Major Axis &quot;,Disk Diameter (AU),Inclination (degrees),Resolution elements across,At ref. wavelength (microns),Secondary Name,RA (J2000),DEC (J2000),Star-Forming Region,Class,Disk Minor Axis&quot;,Major axis PA,Spatial Resolution &quot;,Date Added,Date Updated,Fractional Infrared Luminosity,XRay Bright,Variable Star,Halpha equivalent width
gamma Dor,Debris,F1,4,20.5,12,246,69,,70,HD 27290,04 16 01.58,-51 29 11.9,,,5,56,,2013,7/5/2017 10:16,2.60E-05,0,0,
gamma Tri,Debris,A1V,3.9,34.4,8,275,83,,70,HD 14055,02 17 18.87,+33 50 49.9,,,,162,,2013,7/17/2017 12:12,6.40E-05,0,0,
HIP 79977,Debris,F2,8.7,123,4,492,84,,1.6,HD 146897,16 19 29.24,-21 24 13.3,,,,24,,2013,10/21/2019 0:10,,0,0,
zeta Lep,Debris,A0 V,3.4,21.6,0.28,6,30,0.2,18.3,HD 38678,05 46 57.34,-14 49 19.0,,,,50,1.86,1/1/2005,8/6/2017 12:59,0.00011,0,0,
HD 98800B,Trans,K5,8.5,50,0.25,12,67,0.3,880,,11 22 05.24,-24 46 39.1,,,,158,0.9,1/1/2005,1/12/2016,,0,0,
WL 20 S,YSO,,,140,0.59,82.6,,0.3,1330,,16 27 15.72,-24 38 46,,,0.3,55,2,1/1/2005,1/12/2016,,0,0,
DQ Tau,TT,M0 V,13.2,140,0.24,33.6,35,0.4,1300,,04 46 53.06,+17 00 00.1,,,0.17,-24,0.57,1/1/2005,6/21/2017 15:23,,0,0,
HD 71155,Debris,A0 V,3.9,37.5,0.1,3.8,30,0.4,10.4,30 Mon,08 25 39.63,-03 54 23.1,,,,140,0.27,1/1/2005,6/30/2017 10:02,2.90E-05,0,0,
Hen 3-600A,TT,M4,,50,0.4,20,36,0.4,880,,11 10 27.84,-37 31 51.7,,,,169,1.1,1/1/2005,1/12/2016,,0,0,
DR Tau,TT,K4,13.6,140,0.6,84,67,0.5,2000,,04 47 06.22,+16 53 23.5,Taurus,,0.49,128,1.1,1/1/2005,10/18/2018 7:43,,0,0,
WSB 60,TT,M4.5,16.6,140,1.2,168,42,0.5,1330,,16 28 16.65,-24 36 57.5,,,0.9,3,2.4,1/1/2005,1/12/2016,,0,0,
WW Cha,TT,K5,13.3,160,1.32,211.2,,0.5,3300,,11 10 00.11,-76 34 57.9,,,,,2.5,1/1/2005,2/11/2020 13:17,,0,0,
HD 181869,Debris,B8 V,3.9,55.7,0.16,8.9,80,0.6,10.4,,19 23 53.18,-40 36 57.4,,,,,0.27,1/1/2005,7/5/2017 10:39,,0,0,
Orion 139-409,YSO,,,414,0.4,165.6,40,0.6,870,,05 35 13.91,-05 24 09.4,,,0.2,60,0.7,1/1/2005,1/12/2016,,0,0,
PV Cephei,HAe,A5,11.1,500,0.68,340,62,0.6,1300,,20 45 53.96,+67 57 38.9,,,0.32,-63,1.07,1/1/2005,7/17/2017 14:49,,0,0,
SR 21,TT,G3,,140,1.4,196,60,0.6,880,,16 27 10.11,-24 19 14.7,,,,12,2.5,1/1/2005,1/12/2016,,0,0,
V892 Tau,HAe,B8,14.4,140,0.51,71,59,0.6,2700,,04 18 40.61,+28 19 15.5,Taurus,,0.27,64,0.8,1/1/2005,10/18/2018 7:36,,0,0,
alpha CrB,Debris,A0 V,2.2,23,4,92,80,0.7,11.2,HD 139006,15 34 41.27,+26 42 52.9,,,,170,5.9,1/1/2005,6/29/2017 10:40,1.70E-05,0,0,
beta UMa,Debris,A1V,2.3,24.3,3.8,92.34,84,0.7,100,,11 01 50.48,+56 22 56.7,,,,114,5.89,1/1/2005,6/29/2017 10:39,1.30E-05,0,0,
HD 28355,Debris,A7V,4.9,49.2,4.2,207,76,0.7,100,,04 28 50.16,+13 02 51.4,,,,95,5.893,7/13/2017,12/26/2019 18:48,2.50E-05,,,
HD 71722,Debris,A2IV,7.95,71.1,3.9,277,78,0.7,100,,14 56 54.47,-35 41 43.7,,,,161,5.893,7/13/2017,12/26/2019 18:36,0.0001,,,
HD 113766,Debris,F3/5,7.96,123,1.13,139,70,0.8,1240,HIP 63975,13 06 35.84,-46 02 02.0,Sco-Cen,,,&minus;30,1.39,7/29/2017,3/12/2020 21:29,0.0021,,,
HD 138965,Debris,A1V,6.51,77.3,4.8,371,37,0.8,100,,15 40 11.56,-70 13 40.4,,,,177,5.893,7/13/2017,12/26/2019 18:41,0.00033,,,
HD 141378,Debris,A5IV,5.61,49.2,4.8,236,15,0.8,100,,15 48 56.80,-03 49 06.6,,,,113,5.893,7/17/2017,12/26/2019 18:43,5.6e&minus;05,,,
HD 74873,Debris,A1Vp,7.2,61,3.4,207,27,0.8,70,,08 46 56.02,+12 06 35.8,,,,,4.125,7/14/2017,12/26/2019 18:33,3.37E-05,,,
HD 104860,Debris,F8,8,47.9,5.2,249,54,0.9,100,,12 04 33.73,+66 20 11.7,,,,1,5.893,7/17/2017,12/26/2019 18:39,0.000663,,,
HD 159492,Debris,A5IV,5.33,42.2,5.4,228,40,0.9,100,,17 38 05.52,-54 30 01.6,,,,3,5.893,7/17/2017,12/26/2019 18:52,6.1e&minus;05,,,
HD 30422,Debris,A3,6.27,57.5,3.8,219,31,0.9,70,,04 46 25.75,-28 05 14.8,,,,93,4.125,7/13/2017,12/26/2019 18:50,3.30E-05,,,
HT Lup B,,,,154,0.032,5,45,0.9,1250,Sz 68 B,15 45 12.84,-34 17 31.1,Lupus,,0.022,8,0.035,12/22/2018,12/22/2019 23:08,,,,
lambda Boo,Debris,A0p,4.1,30.3,5.6,170,48,0.9,70,HD 125162,14 16 23.02,+46 05 17.9,,,,44,5.9,2013,8/1/2017 16:23,5.10E-05,0,0,
MWC 758,HAe,A3e,8.1,200,2.45,490,46,0.9,1300.39,,05 30 27.51,+25 19 57.2,,,1.7,116,2.8,1/1/2005,2/5/2020 12:35,,0,0,
GO Tau,TT,K5,13.6,140,2,280,66,1,1330,,04 43 03.08,+25 20 18.7,Taurus,,0.8,0,2.1,1/1/2005,12/26/2019 19:00,,0,0,
HD 166,Debris,K0Ve,5.6,13.7,4.2,58,21,1,70,,00 06 36.78,+29 01 17.4,,,,106,4.125,7/13/2017,12/26/2019 18:52,0.000122,,,
HD 70313,Debris,A3V,5.63,51.4,5.8,298,76,1,100,,08 23 48.50,+53 13 11.0,,,,47,5.893,7/14/2017,12/26/2019 18:32,6.60E-05,,,
UX Tau A,TT,G5 V,,140,0.29,41,35,1,880,,04 30 03.99,+18 13 49.4,Taurus,,,176,0.3,1/1/2005,10/18/2018 7:37,,0,0,
HD 146181,Debris,F6,9.56,146,1.41,206,79,1.1,1240,HIP 79742,16 16 28.37,-38 44 12.4,Sco-Cen,,,53,1.34,7/29/2017,3/13/2020 15:08,0.0026,,,
HD 181296,Debris,A0V,5,48,0.5,24,90,1.1,18.3,eta Telescopii,19 22 51.21,-54 25 26.1,,,,8,0.47,1/1/2005,12/26/2019 18:03,,0,0,
HD 34282,HAe,A0.5,10.1,400,2.08,832,56,1.1,1300.39,,05 16 00.47,-09 48 35.3,,,,25,1.86,1/1/2005,7/17/2017 14:50,,0,0,
beta Leo,Debris,A3V,2,11.1,7.1,79,32,1.2,100,,11 49 03.58,+14 34 19.4,,,6.2,125,5.89,1/1/2005,4/15/2019 8:48,2.00E-05,0,0,
HD 172555,Debris,A5,4.93,29.2,0.54,16,47,1.2,18,,18 45 26.90,-64 52 16.5,,,,120,0.4641,7/29/2017,12/26/2019 18:53,0.00078,,,
HD 183324,Debris,A0IVp,5.87,59,5,295,2,1.2,70,c Aql,19 29 00.99,+01 57 01.6,,,,N/A,4.125,7/11/2017,3/9/2018 23:06,,,,
HD 38206,Debris,A0V,5.82,69.2,5,346,60,1.2,70,,05 43 21.67,-18 33 26.9,,,,85,4.125,7/13/2017,12/26/2019 18:35,0.00026,,,
LkHa 358,YSO,M5.5,18,140,2.14,299.6,28,1.2,1300,,04 31 36.13,+18 13 43.3,,,,119,1.8,1/1/2005,1/12/2016,,0,0,
rho Vir,Debris,A0V,4.8,36.9,5,185,70,1.2,70,HD 110411,12 41 53.06,+10 14 08.3,,,,97,4.125,2013,2/4/2018 11:06,5.1e&minus;05,0,0,
HD 153053,Debris,A5IV,5.72,50.7,7.4,375,37,1.3,100,,17 00 06.28,-54 35 49.8,,,,83,5.893,7/17/2017,12/26/2019 18:53,3.70E-05,,,
beta Tri,Debris,A5 III,2.9,38.9,5.6,218,41,1.4,70,HD 13161,02 09 32.63,+34 59 14.3,,,,64,4,2013,8/2/2017 22:06,,0,0,
HD 10939,Debris,A1V,5.12,57,5.6,319,32,1.4,70,,01 46 06.26,-53 31 19.3,,,,17,4.125,7/13/2017,12/26/2019 18:39,7.60E-05,,,
HD 112810,Debris,F3,9.51,143,1.96,280,83,1.4,1240,HIP 63439,12 59 59.89,-50 23 22.5,Sco-Cen,,,94,1.43,7/29/2017,3/12/2020 20:52,0.0008,,,
HD 145560,Debris,F5,9.3,134,1.84,247,53,1.4,1240,HIP 79516,16 13 34.33,-45 49 03.7,Sco-Cen,,,22,1.34,7/29/2017,3/13/2020 15:07,0.0002,,,
HD 23484,Debris,K2V,6.52,16.26,15.8,257,64,1.4,160,HIP 17439,03 44 09.17,-38 16 54.4,,,,111,11.3,7/17/2017,12/26/2019 18:49,0.0001,,,
BP Tau,TT,K7,11.1,140,1.5,210,30,1.5,1300.39,,04 19 15.84,+29 06 26.9,Taurus,,,-28,1,1/1/2005,10/18/2018 7:42,,0,0,
LkHa 330,YSO,G2,11.2,250,0.5,125,42,1.5,880,,03 45 48.28,+32 24 11.9,,,0.38,165,0.33,1/1/2005,1/12/2016,,0,0,
DO Tau,TT,M0,12.3,140,5.1,714,42,1.6,1300.39,,04 38 28.57,+26 10 49.4,Taurus,,3.9,160,3.2,1/1/2005,10/18/2018 11:27,,0,0,
HD 110058,Debris,A0,7.99,107,2.24,240,50,1.6,1240,HIP 61782,12 39 46.20,-49 11 55.5,Sco-Cen,,,&minus;30,1.41,7/17/2017,3/12/2020 21:24,0.0015,,,
HD 188228,Debris,A0,3.96,32.2,6.48,209,49,1.6,70,eps Pav,20 00 35.56,-72 54 37.8,,,,&minus;4.1,4.125,7/17/2017,12/26/2019 18:51,,,,
HD 192425,Debris,A1Va,5.04,47.1,9.6,452,63,1.6,100,,20 14 16.62,+15 11 51.4,,,,98,5.893,7/17/2017,12/26/2019 18:50,4.9e&minus;05,,,
HD 20794,Debris,G6,3.7,6,10,60,50,1.7,70,,03 19 55.65,-43 04 11.2,,,,8,6,12/24/2018,12/24/2019 12:58,3.00E-06,,,
HT Lup C,,,,154,0.059,9,66,1.7,1250,Sz 68  C,15 45 12.65,-34 17 29.7,Lupus,,0.025,79,0.035,12/22/2018,12/22/2019 23:09,,,,
DoAr 44,TT,K5,11.7,125,1.28,160,35,1.8,880,,16 31 33.46,-24 27 37.3,,,,80,0.7,1/1/2005,3/18/2019 22:21,,0,0,
Haro 6-13,YSO,M0,15,140,2.57,359.8,40,1.8,1300,,04 32 15.41,+24 28 59.7,,,,90,1.4,1/1/2005,1/12/2016,,0,0,
HD 142446,Debris,F3V,9.32,144,2.5,360,20,1.8,1240,HIP 78043,15 56 05.63,-36 53 34.3,Sco-Cen,,,&minus;50,1.41,7/29/2017,3/12/2020 21:00,0.0007,,,
HD 138813,Debris,A0,7.32,151,1.85,279,28,1.9,1240,HIP 76310,15 35 16.11,-25 44 03.0,Upper Sco,,,48,0.97,7/29/2017,3/12/2020 21:05,0.001,,,
HD 156623,Debris,A0V,7.28,118,2.54,300,30,1.9,1240,HIP 84881,17 20 50.62,-45 25 14.5,,,,&minus;86,1.32,7/20/2017,12/26/2019 18:51,,,,
L1551 IRS 5,YSO,,,147,0.12,18,,2,7000,HBC 393,04 31 34,+18 08 05,Taurus,,0.08,159,0.06,1/1/2005,1/4/2020 11:20,,0,0,
gamma Oph,Debris,A0,3.7,29.1,36,1048,50,2.1,70,HD 161868,17 47 53.56,+02 42 26.2,,,23,55,16.99,1/1/2005,12/24/2019 15:03,7.50E-05,0,0,
HD 16743,Debris,F0,6.86,58.9,12.56,740,54.2,2.1,100,,02 39 07.56,-52 56 05.3,,,7.33,165,5.893,7/17/2017,12/26/2019 18:52,,,,
HD 21997,Debris,A3,6.47,71.9,9.7,697,26.1,2.4,70,,03 31 53.65,-25 36 50.9,,,8.7,24.7,4.125,7/17/2017,12/26/2019 18:49,,,,
Kappa CrB,Debris,K1IV,4.06,31.1,14.15,440,59,2.4,100,HD 142091,15 51 13.93,+35 39 26.6,,,,142,5.893,7/17/2017,12/26/2019 18:48,,,,
CQ Tau,TT,F2,8.9,100,2.9,290,33,2.5,20.5,,05 35 58.47,+24 44 54.1,,,,120,1.17,1/1/2005,12/26/2019 19:01,,0,0,
CY Tau,TT,M1,12.5,140,3.8,532,30,2.5,1300.39,,04 17 33.73,+28 20 47.0,Taurus,,,-30,1.5,1/1/2005,10/18/2018 7:34,,0,0,
HD 10647,Debris,F8 V,5.5,17.35,37,642,52,2.5,870,q1 Eri,01 42 29.32,-53 44 27.0,,,23,55,14.95,1/1/2005,7/17/2017 12:11,0.0004,0,0,
HD 38858,Debris,G2,5.4,15.2,15,228,44,2.5,70,,05 48 34.94,-04 05 40.7,,,,67,6,12/24/2015,12/24/2019 12:42,0.0001,,,
RX J1615.3-3255,wTT,K5,11.2,185,1.24,230,41,2.5,880,,16 15 20.23,-32 55 05.1,,,,143,0.5,1/1/2005,3/18/2019 22:16,,0,0,
Tau Ceti,Debris,G8 V,3.5,3.6,15.3,55,35,2.6,70,,01 44 04.08,-15 56 14.9,,,,105,5.9,1/1/2005,7/29/2017 20:23,1.20E-05,0,0,
DG Tau,TT,K6,11.4,140,0.4,56,31,2.7,2800,,04 27 04.70,+26 06 16.2,Taurus,,,144,0.15,1/1/2005,10/18/2018 7:35,,0,0,
99 Her,Debris,F7+K4,4.7,15.6,15.4,240,50,2.8,70,,18 07 01.54,+30 33 43.7,,,,80,5.6,8/7/2012,8/6/2017 12:25,1.40E-05,0,0,
HD 182681,Debris,B8.5,5.62,69.9,11.53,806,67.2,2.8,70,,19 26 56.48,-29 44 35.6,,,4.46,56,4.125,7/17/2017,12/26/2019 18:52,,,,
RY Tau,TT,K1,12.8,128,0.36,46,65,2.8,1330,,04 21 57.41,+28 26 35.6,Taurus,II,,23,0.13,1/1/2005,12/23/2019 21:16,,0,0,
[MR81] H alpha 17 NE,TT,M2e,16.9,150,0.38,57,20,2.9,2.2,,19 10 43.4,-36 59 09,,,,47,0.13,1/1/2005,1/27/2020 17:28,,0,0,
HD 95086,Debris,A8III,7.5,90.4,12.01,1086,23.3,2.9,70,HIP 53524,10 57 03.02,-68 40 02.5,Sco-Cen,,,100.6,4.125,7/17/2017,3/13/2020 14:54,0.0014,,,
IRAS 04385+2550,YSO,M0.5,15.7,140,4.28,599.2,52,3.1,1300,,04 41 38.82,+25 56 26.8,,,,52,1.4,1/1/2005,1/12/2016,,0,0,
GJ 581,Debris,M3,9.5,6.4,19,122,59,3.2,70,,15 19 27.51,-07 43 19.4,,,,120,5.9,2013,9/15/2017 11:50,8.90E-05,0,1,
FW Tau C,TT,,20.9,140,1.01,141,63,3.4,1300,,04 29 29.71,+26 16 53.2,Taurus,,,41,0.3,2/28/2018,2/28/2018 12:47,,,,
61 Vir,Debris,G7V,4.2,8.5,22,187,77,3.7,70,HD 115617,13 18 24.31,-18 18 40.3,,,9.4,65,5.9,10/1/2012,12/24/2019 12:29,3.00E-05,0,0,
HD 17848,Debris,A2V,5.34,50.5,15.28,772,67.3,3.7,70,,02 49 01.49,-62 48 23.5,,,5.9,153.8,4.125,7/17/2017,12/26/2019 18:53,,,,
CIDA 9,TT,M4,14.5,171,0.46,79,46,3.8,1330,,05 05 22.86,+25 31 31.2,,II,,103,0.12,12/18/2018,12/23/2019 22:06,,,,
HD 50571,Debris,F5V,7.26,33.6,15.47,520,68.2,3.8,70,,06 50 01.02,-60 14 56.9,,,5.71,121.2,4.125,7/17/2017,12/26/2019 18:33,,,,
GSS 39,YSO,M0,,125,3.17,396.3,60,4,880,,16 26 45.06,-24 23 07.7,,,,110,0.8,1/1/2005,8/30/2017 12:30,,0,0,
IRAS 18151-1208,YSO,,,3000,3.3,9900,,4.1,1.4,,18 17 58.2,-12 07 28,,,,29,0.8,1/1/2005,1/12/2016,,0,0,
CRBR 2422.8-3423,YSO,,,125,1.5,187.5,70,4.3,2.2,,16 27 24.61,-24 41 03.4,,,,45,0.35,1/1/2005,1/12/2016,,0,0,
OPH-E_MM3,YSO,,,140,1.5,210,90,4.3,2.2,,16 27 05.91,-24 37 08.2,,,,85,0.35,1/1/2005,1/12/2016,,0,0,
SR 24 S,TT,K1,14.2,114.4,0.78,89,50,4.3,1330,WSB 42,16 26 58.52,-24 45 35.0,Ophiuchus,II,,28,0.18,1/1/2005,1/28/2020 12:01,,0,0,
IP Tau,TT,M0,12.5,130,0.53,69,45,4.4,1330,,04 24 57.08,+27 11 56.5,Taurus,II,,173,0.12,12/23/2019,12/23/2019 22:28,,,,
Orion 051-3541,UC,,20,414,0.35,145,90,4.4,0.9,,05 35 05.05,-05 35 40.8,,,,100,0.08,1/1/2005,12/26/2019 14:37,,0,0,
Orion 183-419,UC,,,414,0.25,103.5,65,4.4,0.66,,05 35 18.31,-05 24 19.0,,,0.1,70,0.06,1/1/2005,1/12/2016,,0,0,
HT Lup A,TT,K2,10.5,154,0.156,24,48,4.5,1250,Sz 68 A,15 45 12.85,-34 17 31.0,Lupus I,II,0.104,166,0.035,1/1/2005,2/11/2020 13:22,,0,0,
Orion 090-326,UC,,,414,0.3,124,60,5,0.66,,05 35 09.02,-05 23 26.2,,,0.15,50,0.06,1/1/2005,12/26/2019 12:43,,0,0,
HR 8799,Debris,A5?,5.8,40,28.4,1136,26,5.1,70,HD 218396,23 07 28.71,+21 08 03.3,,,25,62.1,5.61,1/1/2005,12/19/2019 10:04,0.0001,0,0,
LkCa 15,TT,K5,11.8,140,9.3,1302,52,5.2,1300.39,,04 39 17.78,+22 21 03.5,,,,61,1.8,1/1/2005,1/2/2018 11:37,,0,0,
UY Aur,TT,K7,10,140,30,4200,42,5.2,2720.38,,04 51 47.37,+30 47 13.9,,,,135,5.8,1/1/2005,1/12/2016,,0,0,
Orion 165-254,UC,,,414,0.3,124.2,71,5.3,0.66,,05 35 16.54,-05 22 53.8,,,0.1,4,0.06,1/1/2005,12/23/2019 16:32,,0,0,
Orion 182-332,UC,,,414,0.3,124.2,60,5.3,0.66,,05 35 18.12,-05 23 31.5,,,0.1,0,0.06,1/1/2005,1/12/2016,,0,0,
Orion 191-232,UC,,,414,0.3,124.2,65,5.3,0.66,,05 35 19.13,-05 22 31.7,,,0.1,168,0.06,1/1/2005,12/23/2019 16:29,,0,0,
FT Tau,TT,M3,13.2,127,0.66,84,36,5.5,1330,,04 23 39.19,+24 56 14.4,Taurus,II,,123,0.12,1/1/2005,,,0,0,
HD 195627,Debris,F1III,4.84,27.8,23.2,645,53.9,5.6,70,,20 35 34.85,-60 34 54.3,,,13.69,92.4,4.125,7/17/2017,12/26/2019 18:50,,,,
HD 170773,Debris,F5,6.67,37,23.51,870,31.2,5.7,70,,18 33 00.92,-39 53 31.3,,,20.11,115.3,4.125,7/17/2017,12/26/2019 18:51,,,,
IRAS 04325+2402,TT,,,140,1,60,83,5.7,2.05,,04 35 33.0,+24 08 14,,,0.5,,0.18,1/1/2005,1/12/2016,,0,0,
AS 205 B,TT,K7+M0,14,128,0.19,24,66,6.1,1250,V866 Sco B,16 11 31.30,-18 38 27.3,Ophiuchus,,0.08,110,0.031,12/22/2018,12/22/2019 22:37,,,,
Orion 4538-311,UC,,,414,0.43,178,82,6.1,0.78,,05 34 53.79,-05 23 10.7,,,,150,0.07,1/1/2005,12/26/2019 14:53,,0,0,
Orion 294-757,UC,,,414,0.43,178,,6.5,0.78,,05 35 29.43,-05 37 56.6,,,,70,0.07,1/1/2005,1/12/2016,,0,0,
NGC 1333 IRAS 3B,YSO,,,230,1.78,409,45,6.6,1300,,03 25 36.3,+30 45 15.0,Perseus,0,1.25,29,0.27,11/27/2017,11/27/2017 21:47,,,,
Orion 281-306,UC,M3e,,414,0.4,166,1,6.7,0.66,,05 35 28.13,-05 23 06.5,,,,,0.06,1/1/2005,12/26/2019 14:50,,0,0,
HD 191089,Debris,F5 V,7,54,3.3,178,55,7,18.2,,20 09 05.21,-26 13 26.5,,,,80,0.47,1/1/2005,7/14/2017 8:28,0.0015,0,0,
DS Tau,TT,M0,12.4,159,0.85,135,65,7.1,1330,,04 47 49.00,+29 25 11.2,Taurus,II,,160,0.12,2/3/2018,12/23/2019 21:51,,,,
Orion 182-413,UC,,16.2,414,0.4,165.6,80,7.1,0.66,,05 35 18.21,-05 24 13.4,,,0.1,86,0.06,1/1/2005,1/12/2016,,0,0,
Orion 203-506,UC,,,414,0.4,165.6,67,7.1,0.66,,05 35 20.30,-05 25 05.7,,,0.2,16,0.06,1/1/2005,1/12/2016,,0,0,
Orion 218-529,UC,,,414,0.4,165.6,60,7.1,0.66,,05 35 21.82,-05 25 28.7,,,0.2,176,0.06,1/1/2005,1/12/2016,,0,0,
DN Tau,TT,M0,11.5,128,0.88,113,35,7.3,1330,,04 35 27.37,+24 14 59.1,Taurus,II,,79,0.12,1/1/2005,12/23/2019 21:34,,0,0,
Vega,Debris,A0,0.1,7.8,140,1092,0,8.2,70,HD 172167,18 36 56.34,+38 47 01.3,,,140,,16.99,1/1/2005,8/6/2017 16:40,,0,0,
Orion 132-042,UC,,,414,0.5,207,60,8.3,0.66,,05 35 13.24,-05 20 41.9,,,,85,0.06,1/1/2005,12/26/2019 14:42,,0,0,
Elias 2-27,YSO,M0,,140,4.3,602,56,8.6,1300,,16 26 45.03,-24 23 07.8,Ophiuchus,II,,117,0.5,8/30/2017,12/15/2019 9:54,,,,
Orion 124-132,UC,,,414,0.5,207,,8.9,0.66,,05 35 12.38,-05 21 31.5,,,,0,0.06,1/1/2005,1/12/2016,,0,0,
Orion 167-231,UC,M4,,414,0.5,207,30,8.9,0.66,,05 35 16.73,-05 22 31.4,,,0.5,,0.06,1/1/2005,12/23/2019 16:37,,0,0,
Orion 239-334,UC,,,414,0.5,207,66,8.9,0.66,,05 35 23.86,-05 23 34.1,,,0.2,17,0.06,1/1/2005,1/12/2016,,0,0,
PDS 66,TT,K1 IV,10.3,86,0.82,71,32,9.1,1.1,MP Mus,13 22 07.55,-69 38 12.2,,,,,0.09,1/1/2005,3/18/2019 22:12,,0,0,
MWC 480,HAe,A2e,7.8,161,1.3,209,36,9.3,1330,,04 58 46.26,+29 50 37.0,Taurus,II,,148,0.14,1/1/2005,12/23/2019 21:31,,0,0,
GG Tau,TT,K7,10.8,140,8.6,1204,37,9.8,1360.22,,04 32 30.30,+17 31 41.0,Taurus,,,97,0.88,1/1/2005,10/21/2019 17:26,,0,0,
V883 Ori,YSO,,,414,0.3,124,38,10,1300,,05 38 18.10,-07 02 26.0,Orion,I,,34,0.03,8/8/2017,12/26/2019 18:47,,,,
DL Tau,TT,K7,11.8,159,1.23,196,45,10.3,1330,,04 33 39.07,+25 20 38.1,Taurus,II,,52,0.12,1/1/2005,12/23/2019 21:21,,0,0,
Orion 193-1659,UC,,,414,0.8,331.2,,10.3,0.9,,05 35 19.25,-05 16 58.7,,,,100,0.08,1/1/2005,1/12/2016,,0,0,
UZ Tau E,TT,M1,11.2,131,1.24,162,56,10.3,1330,,04 32 43.07,+25 52 31.1,Taurus,II,2,90,0.12,1/1/2005,12/23/2019 21:15,,0,0,
IQ Tau,TT,M0.5,12.4,131,1.47,193,62,10.5,1330,,04 29 51.56,+26 06 44.8,Taurus,II,0,42,0.14,1/1/2005,12/23/2019 21:28,,0,0,
Orion 321-602,TT,,22,440,0.6,264,85,10.7,0.65,,05 35 32.10,-05 26 01.9,Orion,,,121,0.05586,12/26/2009,12/26/2019 12:30,,,,
2MASSI J1628137-243139,TT,,17.7,140,4.3,602,86,10.8,2.1,&quot;Flying Saucer&quot;,16 28 13.70,-24 31 39.0,,,2.4,95,0.4,1/1/2005,10/29/2018 20:44,,0,0,
V4046 Sgr,TT,K5,9.6,73,2.5,183,32,10.9,870,,18 14 10.47,-32 47 34.5,,,,74,0.23,1/1/2005,12/23/2019 16:04,,0,0,
HD 135344B,HAe,F4Ve,8.7,140,1.15,161,20,11.5,1.15,SAO 206462B,15 15 48.44,-37 09 16.0,,,0.4,56,0.1,1/1/2005,10/21/2019 18:01,,0,0,
Orion 141-1952,UC,G8?,,414,0.7,290,25,11.7,0.66,,05 35 14.05,-05 19 52.1,,,,40,0.06,1/1/2005,12/26/2019 14:45,,0,0,
IRAS 04158+2805,TT,M3,18.5,140,8,1120,62,12.3,2.2,,04 18 58.14,+28 12  23.3,,,,88,0.65,1/1/2005,12/26/2019 19:10,,0,0,
Orion 172-028,UC,M3,,414,0.7,289.8,55,12.4,0.66,,05 35 17.22,-05 20 28.1,,,0.4,140,0.06,1/1/2005,1/12/2016,,0,0,
Orion 183-405,UC,M3,,414,0.7,289.8,39,12.4,0.66,,05 35 18.33,-05 24 04.9,,,0.5,43,0.06,1/1/2005,12/23/2019 16:28,,0,0,
Orion 347-1535,UC,,,414,0.7,289.8,,12.4,0.66,,05 35 34.67,-05 15 34.8,,,,315,0.06,1/1/2005,1/12/2016,,0,0,
Orion 346-1553,UC,M4,,414,0.5,207,0,12.5,0.44,,05 35 34.62,-05 15 52.9,,,,,0.04,1/1/2005,12/26/2019 12:46,,0,0,
Orion 473-245,UC,,,414,0.75,311,88,12.5,0.66,,05 35 47.34,-05 22 44.8,,,,60,0.06,1/1/2005,12/26/2019 12:50,,0,0,
DoAr 33,TT,K4,13.2,139,0.39,54,42,13,1250,,16 27 39.01,-23 58 18.7,Ophiuchus,II,,81,0.03,12/18/2018,12/18/2019 23:37,,,,
Orion 280-1720,UC,M4,,414,0.8,331,0,13.3,0.66,,05 35 28.04,-05 17 20.2,,,,280,0.06,1/1/2005,12/26/2019 12:45,,0,0,
AS 205 A,TT,K0,12.8,128,0.414,53,20,13.4,1250,V866 Sco A,16 11 31.36,-18 38 25.3,Ophiuchus,II,0.388,114,0.031,1/1/2005,12/22/2019 22:40,,0,0,
Orion 230-536,UC,,,414,0.5,207,60,13.4,0.44,,05 35 23.02,-05 25 36.3,,,0.25,160,0.04,1/1/2005,1/12/2016,,0,0,
SR 4,TT,K7,11.7,134,0.46,62,22,13.5,1250,,16 25 56.17,-24 20 48.2,Ophiuchus,II,,18,0.034,12/19/2018,2/11/2020 13:24,,,,
eta Crv,Debris,F2 V,4.4,18.2,16.7,304,35,13.9,880,HD 109085,12 32 04.23,-16 11 45.6,,,,117,1.2,1/1/2005,2/22/2018 6:10,3.00E-05,0,0,
Orion 121-1925,UC,M4.5,,414,0.8,331.2,51,14.2,0.66,,05 35 12.10,-05 19 25.0,,,0.5,118,0.06,1/1/2005,1/12/2016,,0,0,
Orion 163-026,UC,M5,,414,0.8,331.2,78,14.2,0.66,,05 35 16.29,-05 20 25.9,,,0.2,159,0.06,1/1/2005,1/12/2016,,0,0,
HOPS 136,YSO,,,440,2,880,90,14.5,1.6,,05 38 46.54,-07 05 47.5,Orion,I,,113,0.1375,12/9/2014,12/15/2019 10:08,,,,
TWA 7,Debris,M2 Ve,11,34.5,2.03,70,28,14.8,1.6,,10 42 30.11,-33 40 16.2,,,,53,0.1375,7/11/2017,12/26/2019 18:31,0.0022,,,
Orion 053-717,UC,K5,13.6,414,0.9,373,80,15,0.66,V2151 Ori,05 35 05.41,-05 27 17.2,,,,110,0.06,1/1/2005,12/26/2019 14:38,,0,0,
Orion 110-3035,UC,,,414,0.9,373,75,15,0.66,,05 35 10.99,-05 30 35.2,,,,0,0.06,1/1/2005,12/26/2019 14:40,,0,0,
HD 114082,Debris,F3V,8.58,92,0.62,57,83,15.2,1.63,HIP 64184,13 09 16.19,-60 18 30.1,Sco-Cen,,,&ndash;74.3,0.04088,7/20/2017,3/12/2020 20:54,0.0033,,,
ESO Halpha 569,YSO,M2.5,19.7,160,0.8,128,83,15.3,0.61,,11 11 10.83,-76 41 57.4,Cha I,,,155,0.05243,5/8/2018,12/26/2019 18:39,,,,
Sz 114,TT,M5,14.4,162,0.72,117,21,15.3,1250,,16 09 01.85,-39 05 12.4,Lupus,II,,165,0.047,12/19/2018,12/19/2019 21:28,,,,
HD 117214,Debris,F6V,7.6,108,0.84,91,71,15.5,2.1,HIP 65875,13 30 08.97,-58 29 04.4,Sco-Cen,,,180,0.05414,3/12/2020,3/12/2020 21:55,0.0025,,,
Orion 332-405,UC,,,414,0.75,310.5,70,15.7,0.56,,05 35 33.19,-05 24 04.7,,,0.25,120,0.05,1/1/2005,1/12/2016,,0,0,
WSB 52,TT,M0,15.8,136,0.47,64,54,15.7,1250,,16 27 39.42,-24 39 15.5,Ophiuchus,II,,139,0.03,12/18/2018,12/18/2019 23:28,,,,
MWC 778,UC,,14,1000,2.4,2400,75,16,2.2,,05 50 13.90,+23 52 17.9,,,,25,0.15,1/1/2005,12/26/2019 19:07,,0,0,
HD 97048,HAe,A0,8.5,180,3.6,648,43,16.4,8.6,,11 08 03.32,-77 39 17.5,,,,,0.22,1/1/2005,9/10/2017 16:53,,0,0,
DM Tau,TT,M1,12.1,140,11.4,1596,32,17,1300.39,,04 33 48.73,+18 10 10.0,Taurus,,,-27,0.67,1/1/2005,11/8/2018 16:57,,0,0,
HV Tau C,TT,M0,13.2,140,1.2,168,84,17.1,0.8,,04 38 35.48,+26 10 41.7,Taurus,,1.2,110,0.07,1/1/2005,10/18/2018 11:25,,0,0,
Orion 294-606,UC,,,414,1,414,85,17.7,0.66,,05 35 29.38,-05 26 06.3,,,0.25,86,0.06,1/1/2005,1/12/2016,,0,0,
CI Tau,TT,K7,12.3,158,2.2,348,50,18.3,880,,04 33 52.00,+22 50 30.2,Taurus,II,,11,0.12,1/1/2005,12/23/2019 21:18,,0,0,
L1527 IRS,YSO,,,140,1.8,252,90,18.4,3.8,IRAS 04368+2557,04 39 53.59,+26 03 05.5,Taurus,0,,90,0.09798,1/1/2005,2/25/2018 20:27,,0,0,
DoAr 28,TT,K5,12.1,139,0.75,104,50,18.6,1.6,,16 26 47.42,-23 14 52.2,Oph,,,20,0.04025,5/9/2018,5/9/2018 13:26,,,,
HH 212,YSO,,-,400,0.38,152,90,19,850,IRAS 05413-0104,05 43 51.41,-01 02 53.1,Orion,0,,113,0.02,8/11/2017,8/11/2017 14:54,,,,
V1094 Sco,TT,K6,12.5,154,3.9,601,53,19.5,1330,,16 08 36.18,-39 23 02.5,Lupus,II,,109,0.2,5/4/2018,2/11/2020 13:23,,,,
TWA 25,Debris,M0,10.9,54,2.89,156,75,21,1.6,,12 15 30.72,-39 48 42.6,,,,156,0.1375,7/11/2017,12/26/2019 18:31,,,,
HD 200775,HBe,B2Ve,7.5,430,4.65,2000,65,21.1,8.8,,21 01 36.92,+68 09 47.8,,,,0,0.22,1/1/2005,7/17/2017 14:47,,0,0,
HK Tau B,TT,M1,14,140,1.5,210,84,21.4,0.8,,04 31 50.57,+24 24 15.0,Taurus,,0.8,40,0.07,1/1/2005,8/25/2019 14:20,,0,0,
HD 115600,Debris,F2,8.57,110.5,0.99,109,79,23,1.67,HIP 64995,13 19 19.54,-59 28 20.4,Sco-Cen,,,24,0.04308,7/20/2017,3/12/2020 20:55,0.0016,,,
HR 4796A,Debris,A0,5.8,67,2.1,141,76,23.3,0.6,,12 36 01.07,-39 52 10.0,,,0.6,27,0.09,1/1/2005,11/12/2018 20:18,0.005,0,0,
49 Cet,Debris,A1,5.6,59,9.8,578,79,24.5,850,HD 9672,01 34 37.78,-15 40 34.9,,,,109,0.4,1/1/2005,12/8/2019 20:42,0.0011,0,0,
Sz 129,TT,K7,11.9,161,0.94,151,34,24.7,1250,,15 59 16.47,-41 57 10.3,Lupus,II,,151,0.038,12/19/2018,12/19/2019 21:45,,,,
Orion 218-354,UC,G6-K3,,414,1.4,579.6,65,24.8,0.66,,05 35 21.79,-05 23 53.9,,,0.6,72,0.06,1/1/2005,12/20/2019 10:50,,0,0,
LkHa 263 C,TT,M0,13.7,275,1.1,302.5,87,25.9,1.65,,02 56 08.60,+20 03 40.7,,,0.75,142,0.04,1/1/2005,12/24/2018 13:38,,0,0,
HIP 67497,Debris,F0,8.69,107.4,1.09,117,80,26,1.67,HD 120326,13 49 54.50,-50 14 23.9,,,,&minus;93,0.04193,7/29/2017,12/26/2019 18:32,0.0011,,,
MY Lup,TT,K0,11.1,156,1.12,175,73,26,1250,PDS 77,16 00 44.52,-41 55 30.9,Lupus,II,,59,0.043,12/19/2018,12/22/2019 15:14,,,,
Orion 132-1832,UC,,,414,1.5,621,75,26.6,0.66,,05 35 13.21,-05 18 32.3,,,0.3,55,0.06,1/1/2005,7/5/2017 11:59,,0,0,
Orion 253-1536,UC,M2.5,,414,1.5,621,,26.6,0.66,,05 35 25.30,-05 15 35.5,,,,60,0.06,1/1/2005,1/12/2016,,0,0,
PDS 144N,HAe,A2IV,11.6,145,0.8,116,83,26.7,1.65,,15 49 15.53,-26 00 50.1,,,,47,0.03,1/1/2005,7/17/2017 14:54,,0,0,
epsilon Eri,Debris,K2,3.8,3.22,43,138,34,26.9,1300,,03 32 55.84,-09 27 29.7,,,,356,1.6,1/1/2005,,0.00011,0,0,
DG Tau B,TT,,,140,3.93,550,75,28.1,1.6,,04 27 02.55,+26 05 30.9,Taurus,,2.5,32,0.14,1/1/2005,10/18/2018 7:35,,0,0,
Haro 6-5B,YSO,K5,13.6,140,4,560,77,28.6,1.6,,04 22 00.69,+26 57 33.3,,,1.5,144,0.14,1/1/2005,12/10/2019 14:21,,0,0,
HD 142666,TT,A8,8.3,148,0.8,118,62,29.6,1250,,15 56 40.02,-22 01 40.0,Upper Sco,II,,162,0.027,12/19/2018,12/19/2019 22:12,,,,
WaOph 6,TT,K7,12,123,1.675,206,47,29.9,1250,,16 48 45.63,-14 16 36.0,Ophiuchus,,0.58,174,0.056,1/1/2005,12/15/2019 9:55,,0,0,
GW Lup,TT,M1.5,12.7,155,1.355,210,39,30.8,1250,Sz 71,15 46 44.73,-34 30 35.7,Lupus,II,,38,0.044,1/15/2019,12/25/2019 0:11,,,,
RU Lup,TT,M0,10.2,154,0.82,126,19,32.8,1250,,15 56 42.31,-37 49 15.5,Lupus II,,154,121,0.025,1/1/2005,12/22/2019 15:16,,0,0,
Elias 2-20,TT,M0,19.4,138,0.93,128,49,33.2,1250,,16 26 18.88,-24 28 19.7,Ophiuchus,II,,153,0.028,12/18/2018,12/19/2019 19:43,,,,
HD 169142,HAe,A5,8.2,117,3,351,0,33.3,1.65,,18 24 29.78,-29 46 49.4,,,3,,0.09,1/1/2005,9/7/2017 20:37,,0,0,
M17-SO1,YSO,,,2200,9,19800,77,36,2.2,,18 20 26.19,-16 12 10.5,,,,146,0.25,1/1/2005,8/6/2017 17:10,,0,0,
HD 157587,Debris,F5V,8.1,107,1.5,161,70,36.4,1.6,,17 24 52.24,-18 51 33.2,,,,127,0.04125,7/31/2017,8/1/2017 23:22,0.00079,,,
HD 143006,TT,G7,9.6,165,1,165,19,37,1250,V1149 Sco,15 58 36.91,-22 57 15.2,Upper Sco,II,,169,0.027,12/16/2018,12/19/2019 23:47,,,,
HD 181327,Debris,F5,7.1,50.6,3.4,172,32,37.8,1.1,,19 22 58.94,-54 32 17.0,,,,107,0.09,1/1/2005,8/2/2017 14:30,0.0025,0,0,
BP Psc,TT,,12.2,100,1.2,120,75,40,1.6,,23 22 24.69,-02 13 41.4,,,,118,0.03,1/1/2005,6/29/2017 8:21,,0,0,
HD 100453,HAe,A9Ve,7.8,103,0.84,87,38,40.7,0.8,,11 33 05.57,-54 19 28.5,,,,142,0.02063,1/2/2018,1/2/2018 9:23,,,,
HD 35650,Debris,K6V,8.29,18,5.6,101,89,40.7,1.6,,05 24 30.17,-38 58 10.8,,,,9,0.1375,7/11/2017,12/26/2019 18:50,0.000175,,,
HD 129590,Debris,G1V,9.86,133,1.65,219,74.56,41,1.6,HIP 72070,14 44 30.96,-39 59 20.6,Sco-Cen,,,121.8,0.04025,7/29/2017,3/12/2020 20:57,0.005,,,
CB 26,YSO,,,140,5.5,770,88,42.4,2.2,,04 59 50.74,+52 04 43.8,,,4,60,0.13,1/1/2005,1/12/2016,,0,0,
HH 30,TT,K7,16.4,140,3,420,83,42.9,0.8,,04 31 37.47,+18 12 24.8,Taurus,,1.8,122,0.07,1/1/2005,12/26/2019 19:09,,0,0,
IRAS 04302+2247,YSO,,,140,6,840,90,42.9,1.6,&quot;Butterfly Star&quot;,04 33 16.45,+22 53  20.7,,,2.85,175,0.14,1/1/2005,2/25/2018 20:28,,0,0,
WL 16,HAe,B8-A7,,140,7,980,62,43.8,7.9,,16 27 02.34,-24 37 27.2,,,3.5,60,0.16,1/1/2005,7/17/2017 14:48,,0,0,
PDS 70,TT,K5,11.3,140,2.5,350,62,44.5,2.18,,14 08 10.15,-41 23 52.5,,,,155,0.06,1/1/2005,12/14/2019 15:09,,0,0,
AA Tau,TT,M0,11.8,140,2.3,322,75,44.6,0.6,,04 34 55.42,+24 28 53.2,Taurus,,,86,0.05157,1/1/2005,10/18/2018 12:54,,0,0,
FN Tau,TT,M5,13.7,140,1.8,252,0,45,1.6,,04 14 14.59,+28 27 58.1,Taurus,,,,0.04,1/1/2005,10/18/2018 7:41,,0,0,
CoKu Tau 1,TT,M0,16.8,140,6.4,896,,45.7,1.6,,04 18 51.50,+28 20 28.0,Taurus,,3.9,120,0.14,1/1/2005,10/18/2018 7:42,,0,0,
Orion 216-0939,UC,K5,18.8,414,2.6,1076.4,,46.1,0.66,,05 35 21.57,-05 09 38.9,,,,277,0.06,1/1/2005,7/5/2017 11:58,,0,0,
HD 377,Debris,G2V,7.1,39,4.4,172,85,46.5,1.1,,00 08 25.75,+06 37 00.5,,,,47,0.09454,7/11/2017,12/26/2019 18:35,0.0002,,,
Orion 114-426,UC,,,414,2.7,1117.8,85,47.9,0.66,,05 35 11.35,-05 24 26.4,,,0.7,29,0.06,1/1/2005,1/19/2019 15:45,,0,0,
HD 36546,Debris,B8,6.93,114,2,228,75,48.2,1.65,,05 33 30.76,+24 37 43.7,,,,75,0.0415,7/29/2017,12/26/2019 18:34,0.004,,,
HD 100546,HAe,B9,6.7,103,7,721,51,50,1.6,,11 33 25.44,-70 11 41.2,,,5.4,161,0.14,1/1/2005,7/23/2019 15:34,,0,0,
HD 111520,Debris,F5 V,9.27,108,2.15,232,88,51.2,1.63,HIP 62657,12 50 19.72,-49 51 49.0,Sco-Cen,,,165,0.04203,7/27/2017,3/12/2020 21:26,0.002,,,
HD 106906,Debris,F5,8.24,92,2.11,194,85,52.8,1.6,HIP 59960,12 17 53.19,-55 58 31.9,Sco-Cen,,,283.7,0.04,1/18/2016,3/12/2020 21:23,0.0013,0,0,
GM Aur,TT,K7,11.2,140,5,700,54,52.9,1.1,,04 55 10.98,+30 21 59.7,,,3.8,,0.09,1/1/2005,1/12/2016,,0,0,
HD 141943,Debris,G2V,7.5,67,5,335,85,52.9,1.1,,15 53 27.29,+15 50 02.4,,,,145,0.09454,7/30/2017,12/26/2019 18:44,0.00012,,,
HD 30447,Debris,F3V,7.5,80,5,400,88,52.9,1.1,,04 46 49.53,-26 18 08.8,,,,35,0.09454,7/17/2017,8/8/2017 12:48,0.00079,,,
HL Tau,TT,K5,11.4,140,1.39,195,47,55.6,870,,04 31 38.47,+18 13 58.1,Taurus,,0.6,138,0.025,1/1/2005,10/18/2018 7:37,,0,0,
HD 202917,Debris,G7V,8.1,43,2.92,126,69,56.6,0.6,,21 20 49.96,-53 02 03.1,,,,108,0.05157,8/8/2017,8/8/2017 11:00,0.00025,,,
Elias 2-24,TT,K5.5,15.8,136,2,272,29,57.1,1250,,16 26 24.09,-24 16 13.3,Ophiuchus,,,46,0.035,1/1/2005,12/22/2019 15:29,,0,0,
AS 209,TT,K5,10.4,121,2.3,278,35,62.2,1250,V1121 Oph,16 49 15.31,-14 22 08.6,,,,86,0.037,1/1/2005,12/19/2019 23:07,,0,0,
HD 150193A,HAe,A2 IV,8.9,150,2.6,390,38,65,1.6,,16 40 17.92,-23 53 45.2,,,,358,0.04,1/1/2005,7/17/2017 14:51,,0,0,
Oph IRS 48,Trans,A0,16.7,121,2.64,319,42,65.6,1.6,WLY 2-48,16 27 37.19,-24 30 35,Ophiuchus,,,97,0.04025,2/27/2018,2/27/2018 7:02,,,,
IRAS 18059-3211,PPN,A0,13.6,1000,5.5,5500,90,68.8,0.55,Gomez&#039;s Hamburger,18 09 13.43,-32 10 48.0,,,3.5,-5,0.08,1/1/2005,8/27/2019 17:49,,0,0,
CAHA J23056+6016,YSO?,,,3500,3,10500,10,74.5,1.6,,23 05 37.52,+60 15 45.8,,,1.5,80,0.04,1/1/2005,1/12/2016,,0,0,
DoAr 25,TT,K7,12.7,138,2.4,331,67,77.4,1250,,16 26 23.68,-24 43 13.9,Ophiuchus,,,111,0.031,1/1/2005,2/11/2020 13:19,,0,0,
IM Lup,TT,M0,12.1,158,4,632,48,80,0.61,,15 56 09.23,-37 56 05.9,,,,143,0.05,1/1/2005,12/20/2019 0:03,,0,0,
HD 131835,Debris,A2IV,7.95,120,3.5,420,75.1,82.3,1.65,HIP 73145,14 56 54.47,-35 41 43.7,Sco-Cen,,,61.4,0.04254,7/11/2017,3/13/2020 15:04,0.002,,,
HD 141569A,Trans,B9.5,7.1,99,7.5,743,51,83.3,1.1,,15 49 57.76,-03 55 16.2,,,4.5,356,0.09,1/1/2005,2/25/2018 20:39,0.0084,0,0,
TW Hya,TT,K7,11.4,56,8,448,0,84.6,1.1,,11 01 51.97,-34 42 17.6,,,8,,0.09,1/1/2005,11/8/2018 21:07,,0,0,
ASR 41,TT,,,316,20,6320,80,97,2.2,,03 28 51.32,+31 17 40.0,,,20,137,0.21,1/1/2005,1/12/2016,,0,0,
IC 348-IR,HAe,B7.5,,200,8,1600,87,100,0.8,,03 43 58.8,+32 01 52,,,,110,0.08,1/1/2005,7/17/2017 14:52,,0,0,
HD 35841,Debris,F3V,8.5,103,4.3,443,85,104.2,1.6,,05 26 36.59,-22 29 23.7,,,,166,0.04125,8/8/2017,3/18/2019 15:42,0.0013,,,
HD 15745,Debris,F2,7.5,64,7.5,480,52,145.4,0.6,,02 32 55.81,+37 20 01.4,,,,23,0.05157,1/1/2005,8/8/2017 13:22,0.0012,0,0,
HD 163296,HAe,A1e,6.9,101,7.4,747,48,148,0.6,,17 56 21.26,-21 57 21.6,,,,133,0.05,1/1/2005,12/19/2019 23:28,,0,0,
HD 142527,HAe,F6,8.4,140,7,980,30,175,1.65,,15 56 41.89,-42 19 23.3,,,,240,0.04,1/1/2005,12/26/2019 15:28,,0,0,
HD 206893,Debris,F5V,7.07,38.34,7.82,300,40,188.4,1.65,,21 45 21.90,-12 47 00.1,,,,69.95,0.0415,7/20/2017,12/26/2019 18:45,,,,
HD 92945,Debris,K1,7.2,21.6,10.2,220,63,204,0.6,,10 43 28.27,-29 03 51.4,,,,100,0.05,1/1/2005,4/11/2019 9:44,0.00076,0,0,
HD 139664,Debris,F5 IV-V,4.7,17.5,12,210,87,240,0.6,,15 41 11.38,-44 39 40.3,,,,77,0.05,1/1/2005,7/14/2017 15:21,0.00012,0,0,
HD 53143,Debris,K1,6.9,18.4,12,221,45,240,0.6,,06 59 59.66,-61 20 10.3,,,,147,0.05,1/1/2005,4/11/2019 14:05,0.0003,0,0,
HD 32297,Debris,A0,8.1,113,13.8,1559,90,267.6,0.6,,05 02 27.44,+07 27 39.7,,,,48,0.05157,1/1/2005,1/14/2020 22:34,0.0027,0,0,
HD 107146,Debris,G2,6.7,27.5,16,440,18,320,0.6,,12 19 06.50,+16 32 53.9,,,,38,0.05,1/1/2005,3/5/2020 8:27,0.0012,0,0,
HD 202628,Debris,G2V,6.4,24.5,17,417,61,340,0.6,,21 18 27.27,-43 20 04.7,,,8.2,134,0.05,9/23/2012,1/17/2020 21:13,0.00014,0,0,
AB Aur,HAe,A0e,7.1,144,18,2592,22,360,0.57,,04 55 45.93,+30 33 03.6,,,,58.6,0.05,1/1/2005,9/17/2017 21:55,,0,0,
HD 61005,Debris,G8,8.3,34.6,19,657,85,368.4,0.6,,07 35 47.46,-32 12 14.0,,,3,71,0.05157,1/1/2005,8/8/2017 13:16,0.0029,0,0,
HD 15115,Debris,F2,6.8,45,19.8,891,80,383.9,0.6,,02 26 16.25,+06 17 33.1,,,,99,0.05157,1/1/2005,3/5/2019 9:56,0.0005,0,0,
HD 207129,Debris,G2V,5.4,15.56,20.4,317,60,408,0.6,,21 48 15.75,-47 18 13.0,,,10.2,127,0.05,1/1/2005,4/5/2019 9:27,0.0001,0,0,
beta Pictoris,Debris,A5,3.9,19.3,26,502,90,520,0.6,,05 47 17.09,-51 03 59.5,,,2.6,32,0.05,1/1/2005,8/6/2017 17:02,0.002,0,0,
AU Mic,Debris,M1,8.9,9.94,29.25,291,90,585,0.6,HD 197481,20 45 09.53,-31 20 27.2,,,2.5,127,0.05,1/1/2005,7/17/2017 12:31,0.0002,0,0,
Fomalhaut,Debris,A3,1.2,7.2,41,295,66,820,0.6,HD 216956,22 57 39.05,-29 37 20.1,,,15,156,0.05,1/1/2005,2/10/2019 15:30,8.00E-05,0,0,
